FREQ,REF_AREA,DATA_TYPE_AGGR,VALUATION,ADJUSTMENT,EDITION,TIME_PERIOD,OBS_VALUE
A,IT,B1G_B_W2_S1,V,N,2025M1,2021,1644016.4
A,IT,B1G_B_W2_S1,V,N,2025M1,2022,1792583.9
A,IT,B1G_B_W2_S1,V,N,2025M1,2023,1910056.4
A,IT,B1GQ_B_W2_S1,V,N,2025M1,2021,1842507.4
A,IT,B1GQ_B_W2_S1,V,N,2025M1,2022,1997054.9
A,IT,B1GQ_B_W2_S1,V,N,2025M1,2023,2128001.4
A,IT,D21X31_C_W2_S1,V,N,2025M1,2021,198491.0
A,IT,D21X31_C_W2_S1,V,N,2025M1,2022,204471.0
A,IT,D21X31_C_W2_S1,V,N,2025M1,2023,217945.0
A,IT108,B1G_B_W2_S1,V,N,2025M1,2021,26212.0
A,IT108,B1G_B_W2_S1,V,N,2025M1,2022,28074.0
A,IT108,B1GQ_B_W2_S1,V,N,2025M1,2021,29409.0
A,IT108,B1GQ_B_W2_S1,V,N,2025M1,2022,31306.0
A,IT108,D21X31_C_W2_S1,V,N,2025M1,2021,3198.0
A,IT108,D21X31_C_W2_S1,V,N,2025M1,2022,3232.0
A,IT109,B1G_B_W2_S1,V,N,2025M1,2021,3745.0
A,IT109,B1G_B_W2_S1,V,N,2025M1,2022,4132.0
A,IT109,B1GQ_B_W2_S1,V,N,2025M1,2021,4199.0
A,IT109,B1GQ_B_W2_S1,V,N,2025M1,2022,4610.0
A,IT109,D21X31_C_W2_S1,V,N,2025M1,2021,454.0
A,IT109,D21X31_C_W2_S1,V,N,2025M1,2022,478.0
A,IT110,B1G_B_W2_S1,V,N,2025M1,2021,5837.0
A,IT110,B1G_B_W2_S1,V,N,2025M1,2022,6218.0
A,IT110,B1GQ_B_W2_S1,V,N,2025M1,2021,6534.0
A,IT110,B1GQ_B_W2_S1,V,N,2025M1,2022,6928.0
A,IT110,D21X31_C_W2_S1,V,N,2025M1,2021,697.0
A,IT110,D21X31_C_W2_S1,V,N,2025M1,2022,709.0
A,IT111,B1G_B_W2_S1,V,N,2025M1,2021,5060.0
A,IT111,B1G_B_W2_S1,V,N,2025M1,2022,5379.0
A,IT111,B1GQ_B_W2_S1,V,N,2025M1,2021,5671.0
A,IT111,B1GQ_B_W2_S1,V,N,2025M1,2022,5994.0
A,IT111,D21X31_C_W2_S1,V,N,2025M1,2021,611.0
A,IT111,D21X31_C_W2_S1,V,N,2025M1,2022,614.0
A,ITC,B1G_B_W2_S1,V,N,2025M1,2021,549288.9
A,ITC,B1G_B_W2_S1,V,N,2025M1,2022,594771.7
A,ITC,B1G_B_W2_S1,V,N,2025M1,2023,636480.9
A,ITC,B1GQ_B_W2_S1,V,N,2025M1,2021,616004.2
A,ITC,B1GQ_B_W2_S1,V,N,2025M1,2022,662826.0
A,ITC,B1GQ_B_W2_S1,V,N,2025M1,2023,709062.5
A,ITC,D21X31_C_W2_S1,V,N,2025M1,2021,66715.3
A,ITC,D21X31_C_W2_S1,V,N,2025M1,2022,68054.3
A,ITC,D21X31_C_W2_S1,V,N,2025M1,2023,72581.6
A,ITC1,B1G_B_W2_S1,V,N,2025M1,2021,122716.0
A,ITC1,B1G_B_W2_S1,V,N,2025M1,2022,131606.4
A,ITC1,B1G_B_W2_S1,V,N,2025M1,2023,139997.5
A,ITC1,B1GQ_B_W2_S1,V,N,2025M1,2021,137596.8
A,ITC1,B1GQ_B_W2_S1,V,N,2025M1,2022,146698.1
A,ITC1,B1GQ_B_W2_S1,V,N,2025M1,2023,156061.4
A,ITC1,D21X31_C_W2_S1,V,N,2025M1,2021,14880.8
A,ITC1,D21X31_C_W2_S1,V,N,2025M1,2022,15091.7
A,ITC1,D21X31_C_W2_S1,V,N,2025M1,2023,16063.9
A,ITC11,B1G_B_W2_S1,V,N,2025M1,2021,66200.0
A,ITC11,B1G_B_W2_S1,V,N,2025M1,2022,70568.0
A,ITC11,B1GQ_B_W2_S1,V,N,2025M1,2021,74228.0
A,ITC11,B1GQ_B_W2_S1,V,N,2025M1,2022,78660.0
A,ITC11,D21X31_C_W2_S1,V,N,2025M1,2021,8028.0
A,ITC11,D21X31_C_W2_S1,V,N,2025M1,2022,8092.0
A,ITC12,B1G_B_W2_S1,V,N,2025M1,2021,4510.0
A,ITC12,B1G_B_W2_S1,V,N,2025M1,2022,4823.0
A,ITC12,B1GQ_B_W2_S1,V,N,2025M1,2021,5057.0
A,ITC12,B1GQ_B_W2_S1,V,N,2025M1,2022,5376.0
A,ITC12,D21X31_C_W2_S1,V,N,2025M1,2021,547.0
A,ITC12,D21X31_C_W2_S1,V,N,2025M1,2022,553.0
A,ITC13,B1G_B_W2_S1,V,N,2025M1,2021,4296.0
A,ITC13,B1G_B_W2_S1,V,N,2025M1,2022,4664.0
A,ITC13,B1GQ_B_W2_S1,V,N,2025M1,2021,4817.0
A,ITC13,B1GQ_B_W2_S1,V,N,2025M1,2022,5199.0
A,ITC13,D21X31_C_W2_S1,V,N,2025M1,2021,521.0
A,ITC13,D21X31_C_W2_S1,V,N,2025M1,2022,535.0
A,ITC14,B1G_B_W2_S1,V,N,2025M1,2021,3496.0
A,ITC14,B1G_B_W2_S1,V,N,2025M1,2022,3820.0
A,ITC14,B1GQ_B_W2_S1,V,N,2025M1,2021,3920.0
A,ITC14,B1GQ_B_W2_S1,V,N,2025M1,2022,4257.0
A,ITC14,D21X31_C_W2_S1,V,N,2025M1,2021,424.0
A,ITC14,D21X31_C_W2_S1,V,N,2025M1,2022,438.0
A,ITC15,B1G_B_W2_S1,V,N,2025M1,2021,10499.0
A,ITC15,B1G_B_W2_S1,V,N,2025M1,2022,11242.0
A,ITC15,B1GQ_B_W2_S1,V,N,2025M1,2021,11772.0
A,ITC15,B1GQ_B_W2_S1,V,N,2025M1,2022,12531.0
A,ITC15,D21X31_C_W2_S1,V,N,2025M1,2021,1273.0
A,ITC15,D21X31_C_W2_S1,V,N,2025M1,2022,1289.0
A,ITC16,B1G_B_W2_S1,V,N,2025M1,2021,17620.0
A,ITC16,B1G_B_W2_S1,V,N,2025M1,2022,19370.0
A,ITC16,B1GQ_B_W2_S1,V,N,2025M1,2021,19757.0
A,ITC16,B1GQ_B_W2_S1,V,N,2025M1,2022,21592.0
A,ITC16,D21X31_C_W2_S1,V,N,2025M1,2021,2137.0
A,ITC16,D21X31_C_W2_S1,V,N,2025M1,2022,2221.0
A,ITC17,B1G_B_W2_S1,V,N,2025M1,2021,5055.0
A,ITC17,B1G_B_W2_S1,V,N,2025M1,2022,5330.0
A,ITC17,B1GQ_B_W2_S1,V,N,2025M1,2021,5668.0
A,ITC17,B1GQ_B_W2_S1,V,N,2025M1,2022,5942.0
A,ITC17,D21X31_C_W2_S1,V,N,2025M1,2021,613.0
A,ITC17,D21X31_C_W2_S1,V,N,2025M1,2022,611.0
A,ITC18,B1G_B_W2_S1,V,N,2025M1,2021,11038.0
A,ITC18,B1G_B_W2_S1,V,N,2025M1,2022,11789.0
A,ITC18,B1GQ_B_W2_S1,V,N,2025M1,2021,12377.0
A,ITC18,B1GQ_B_W2_S1,V,N,2025M1,2022,13141.0
A,ITC18,D21X31_C_W2_S1,V,N,2025M1,2021,1339.0
A,ITC18,D21X31_C_W2_S1,V,N,2025M1,2022,1352.0
A,ITC2,B1G_B_W2_S1,V,N,2025M1,2021,4272.5
A,ITC2,B1G_B_W2_S1,V,N,2025M1,2022,4861.5
A,ITC2,B1G_B_W2_S1,V,N,2025M1,2023,5114.2
A,ITC2,B1GQ_B_W2_S1,V,N,2025M1,2021,4783.0
A,ITC2,B1GQ_B_W2_S1,V,N,2025M1,2022,5409.3
A,ITC2,B1GQ_B_W2_S1,V,N,2025M1,2023,5699.0
A,ITC2,D21X31_C_W2_S1,V,N,2025M1,2021,510.5
A,ITC2,D21X31_C_W2_S1,V,N,2025M1,2022,547.7
A,ITC2,D21X31_C_W2_S1,V,N,2025M1,2023,584.9
A,ITC20,B1G_B_W2_S1,V,N,2025M1,2021,4272.0
A,ITC20,B1G_B_W2_S1,V,N,2025M1,2022,4862.0
A,ITC20,B1GQ_B_W2_S1,V,N,2025M1,2021,4783.0
A,ITC20,B1GQ_B_W2_S1,V,N,2025M1,2022,5409.0
A,ITC20,D21X31_C_W2_S1,V,N,2025M1,2021,511.0
A,ITC20,D21X31_C_W2_S1,V,N,2025M1,2022,548.0
A,ITC3,B1G_B_W2_S1,V,N,2025M1,2021,44184.7
A,ITC3,B1G_B_W2_S1,V,N,2025M1,2022,47885.5
A,ITC3,B1G_B_W2_S1,V,N,2025M1,2023,51435.3
A,ITC3,B1GQ_B_W2_S1,V,N,2025M1,2021,49382.5
A,ITC3,B1GQ_B_W2_S1,V,N,2025M1,2022,53049.1
A,ITC3,B1GQ_B_W2_S1,V,N,2025M1,2023,56952.2
A,ITC3,D21X31_C_W2_S1,V,N,2025M1,2021,5197.8
A,ITC3,D21X31_C_W2_S1,V,N,2025M1,2022,5163.6
A,ITC3,D21X31_C_W2_S1,V,N,2025M1,2023,5516.9
A,ITC31,B1G_B_W2_S1,V,N,2025M1,2021,4665.0
A,ITC31,B1G_B_W2_S1,V,N,2025M1,2022,5067.0
A,ITC31,B1GQ_B_W2_S1,V,N,2025M1,2021,5214.0
A,ITC31,B1GQ_B_W2_S1,V,N,2025M1,2022,5614.0
A,ITC31,D21X31_C_W2_S1,V,N,2025M1,2021,549.0
A,ITC31,D21X31_C_W2_S1,V,N,2025M1,2022,546.0
A,ITC32,B1G_B_W2_S1,V,N,2025M1,2021,7130.0
A,ITC32,B1G_B_W2_S1,V,N,2025M1,2022,7950.0
A,ITC32,B1GQ_B_W2_S1,V,N,2025M1,2021,7968.0
A,ITC32,B1GQ_B_W2_S1,V,N,2025M1,2022,8807.0
A,ITC32,D21X31_C_W2_S1,V,N,2025M1,2021,839.0
A,ITC32,D21X31_C_W2_S1,V,N,2025M1,2022,857.0
A,ITC33,B1G_B_W2_S1,V,N,2025M1,2021,25873.0
A,ITC33,B1G_B_W2_S1,V,N,2025M1,2022,27873.0
A,ITC33,B1GQ_B_W2_S1,V,N,2025M1,2021,28917.0
A,ITC33,B1GQ_B_W2_S1,V,N,2025M1,2022,30878.0
A,ITC33,D21X31_C_W2_S1,V,N,2025M1,2021,3044.0
A,ITC33,D21X31_C_W2_S1,V,N,2025M1,2022,3006.0
A,ITC34,B1G_B_W2_S1,V,N,2025M1,2021,6516.0
A,ITC34,B1G_B_W2_S1,V,N,2025M1,2022,6996.0
A,ITC34,B1GQ_B_W2_S1,V,N,2025M1,2021,7283.0
A,ITC34,B1GQ_B_W2_S1,V,N,2025M1,2022,7750.0
A,ITC34,D21X31_C_W2_S1,V,N,2025M1,2021,767.0
A,ITC34,D21X31_C_W2_S1,V,N,2025M1,2022,754.0
A,ITC4,B1G_B_W2_S1,V,N,2025M1,2021,378115.7
A,ITC4,B1G_B_W2_S1,V,N,2025M1,2022,410418.3
A,ITC4,B1G_B_W2_S1,V,N,2025M1,2023,439933.9
A,ITC4,B1GQ_B_W2_S1,V,N,2025M1,2021,424241.9
A,ITC4,B1GQ_B_W2_S1,V,N,2025M1,2022,457669.6
A,ITC4,B1GQ_B_W2_S1,V,N,2025M1,2023,490349.8
A,ITC4,D21X31_C_W2_S1,V,N,2025M1,2021,46126.2
A,ITC4,D21X31_C_W2_S1,V,N,2025M1,2022,47251.3
A,ITC4,D21X31_C_W2_S1,V,N,2025M1,2023,50415.9
A,ITC41,B1G_B_W2_S1,V,N,2025M1,2021,24366.0
A,ITC41,B1G_B_W2_S1,V,N,2025M1,2022,26956.0
A,ITC41,B1GQ_B_W2_S1,V,N,2025M1,2021,27338.0
A,ITC41,B1GQ_B_W2_S1,V,N,2025M1,2022,30060.0
A,ITC41,D21X31_C_W2_S1,V,N,2025M1,2021,2972.0
A,ITC41,D21X31_C_W2_S1,V,N,2025M1,2022,3103.0
A,ITC42,B1G_B_W2_S1,V,N,2025M1,2021,15937.0
A,ITC42,B1G_B_W2_S1,V,N,2025M1,2022,17495.0
A,ITC42,B1GQ_B_W2_S1,V,N,2025M1,2021,17881.0
A,ITC42,B1GQ_B_W2_S1,V,N,2025M1,2022,19509.0
A,ITC42,D21X31_C_W2_S1,V,N,2025M1,2021,1944.0
A,ITC42,D21X31_C_W2_S1,V,N,2025M1,2022,2014.0
A,ITC43,B1G_B_W2_S1,V,N,2025M1,2021,10108.0
A,ITC43,B1G_B_W2_S1,V,N,2025M1,2022,10892.0
A,ITC43,B1GQ_B_W2_S1,V,N,2025M1,2021,11341.0
A,ITC43,B1GQ_B_W2_S1,V,N,2025M1,2022,12146.0
A,ITC43,D21X31_C_W2_S1,V,N,2025M1,2021,1233.0
A,ITC43,D21X31_C_W2_S1,V,N,2025M1,2022,1254.0
A,ITC44,B1G_B_W2_S1,V,N,2025M1,2021,4877.0
A,ITC44,B1G_B_W2_S1,V,N,2025M1,2022,5376.0
A,ITC44,B1GQ_B_W2_S1,V,N,2025M1,2021,5471.0
A,ITC44,B1GQ_B_W2_S1,V,N,2025M1,2022,5995.0
A,ITC44,D21X31_C_W2_S1,V,N,2025M1,2021,595.0
A,ITC44,D21X31_C_W2_S1,V,N,2025M1,2022,619.0
A,ITC45,B1G_B_W2_S1,V,N,2025M1,2021,177242.0
A,ITC45,B1G_B_W2_S1,V,N,2025M1,2022,192269.0
A,ITC45,B1GQ_B_W2_S1,V,N,2025M1,2021,198864.0
A,ITC45,B1GQ_B_W2_S1,V,N,2025M1,2022,214404.0
A,ITC45,D21X31_C_W2_S1,V,N,2025M1,2021,21621.0
A,ITC45,D21X31_C_W2_S1,V,N,2025M1,2022,22136.0
A,ITC46,B1G_B_W2_S1,V,N,2025M1,2021,35991.0
A,ITC46,B1G_B_W2_S1,V,N,2025M1,2022,38280.0
A,ITC46,B1GQ_B_W2_S1,V,N,2025M1,2021,40381.0
A,ITC46,B1GQ_B_W2_S1,V,N,2025M1,2022,42688.0
A,ITC46,D21X31_C_W2_S1,V,N,2025M1,2021,4390.0
A,ITC46,D21X31_C_W2_S1,V,N,2025M1,2022,4407.0
A,ITC47,B1G_B_W2_S1,V,N,2025M1,2021,41457.0
A,ITC47,B1G_B_W2_S1,V,N,2025M1,2022,45592.0
A,ITC47,B1GQ_B_W2_S1,V,N,2025M1,2021,46515.0
A,ITC47,B1GQ_B_W2_S1,V,N,2025M1,2022,50841.0
A,ITC47,D21X31_C_W2_S1,V,N,2025M1,2021,5057.0
A,ITC47,D21X31_C_W2_S1,V,N,2025M1,2022,5249.0
A,ITC48,B1G_B_W2_S1,V,N,2025M1,2021,12742.0
A,ITC48,B1G_B_W2_S1,V,N,2025M1,2022,14125.0
A,ITC48,B1GQ_B_W2_S1,V,N,2025M1,2021,14297.0
A,ITC48,B1GQ_B_W2_S1,V,N,2025M1,2022,15751.0
A,ITC48,D21X31_C_W2_S1,V,N,2025M1,2021,1554.0
A,ITC48,D21X31_C_W2_S1,V,N,2025M1,2022,1626.0
A,ITC49,B1G_B_W2_S1,V,N,2025M1,2021,5939.0
A,ITC49,B1G_B_W2_S1,V,N,2025M1,2022,6243.0
A,ITC49,B1GQ_B_W2_S1,V,N,2025M1,2021,6663.0
A,ITC49,B1GQ_B_W2_S1,V,N,2025M1,2022,6961.0
A,ITC49,D21X31_C_W2_S1,V,N,2025M1,2021,724.0
A,ITC49,D21X31_C_W2_S1,V,N,2025M1,2022,719.0
A,ITC4A,B1G_B_W2_S1,V,N,2025M1,2021,11105.0
A,ITC4A,B1G_B_W2_S1,V,N,2025M1,2022,11847.0
A,ITC4A,B1GQ_B_W2_S1,V,N,2025M1,2021,12460.0
A,ITC4A,B1GQ_B_W2_S1,V,N,2025M1,2022,13211.0
A,ITC4A,D21X31_C_W2_S1,V,N,2025M1,2021,1355.0
A,ITC4A,D21X31_C_W2_S1,V,N,2025M1,2022,1364.0
A,ITC4B,B1G_B_W2_S1,V,N,2025M1,2021,12140.0
A,ITC4B,B1G_B_W2_S1,V,N,2025M1,2022,13270.0
A,ITC4B,B1GQ_B_W2_S1,V,N,2025M1,2021,13621.0
A,ITC4B,B1GQ_B_W2_S1,V,N,2025M1,2022,14797.0
A,ITC4B,D21X31_C_W2_S1,V,N,2025M1,2021,1481.0
A,ITC4B,D21X31_C_W2_S1,V,N,2025M1,2022,1528.0
A,ITCD,B1G_B_W2_S1,V,N,2025M1,2021,930841.6
A,ITCD,B1G_B_W2_S1,V,N,2025M1,2022,1008455.2
A,ITCD,B1G_B_W2_S1,V,N,2025M1,2023,1078106.9
A,ITCD,B1GQ_B_W2_S1,V,N,2025M1,2021,1043784.8
A,ITCD,B1GQ_B_W2_S1,V,N,2025M1,2022,1123869.8
A,ITCD,B1GQ_B_W2_S1,V,N,2025M1,2023,1201129.4
A,ITCD,D21X31_C_W2_S1,V,N,2025M1,2021,112943.2
A,ITCD,D21X31_C_W2_S1,V,N,2025M1,2022,115414.6
A,ITCD,D21X31_C_W2_S1,V,N,2025M1,2023,123022.5
A,ITCDE,B1G_B_W2_S1,V,N,2025M1,2021,1279015.2
A,ITCDE,B1G_B_W2_S1,V,N,2025M1,2022,1393496.3
A,ITCDE,B1G_B_W2_S1,V,N,2025M1,2023,1483521.5
A,ITCDE,B1GQ_B_W2_S1,V,N,2025M1,2021,1434146.1
A,ITCDE,B1GQ_B_W2_S1,V,N,2025M1,2022,1552979.7
A,ITCDE,B1GQ_B_W2_S1,V,N,2025M1,2023,1653403.2
A,ITCDE,D21X31_C_W2_S1,V,N,2025M1,2021,155130.9
A,ITCDE,D21X31_C_W2_S1,V,N,2025M1,2022,159483.4
A,ITCDE,D21X31_C_W2_S1,V,N,2025M1,2023,169881.7
A,ITD,B1G_B_W2_S1,V,N,2025M1,2021,381552.6
A,ITD,B1G_B_W2_S1,V,N,2025M1,2022,413683.5
A,ITD,B1G_B_W2_S1,V,N,2025M1,2023,441626.0
A,ITD,B1GQ_B_W2_S1,V,N,2025M1,2021,427780.6
A,ITD,B1GQ_B_W2_S1,V,N,2025M1,2022,461043.8
A,ITD,B1GQ_B_W2_S1,V,N,2025M1,2023,492066.9
A,ITD,D21X31_C_W2_S1,V,N,2025M1,2021,46227.9
A,ITD,D21X31_C_W2_S1,V,N,2025M1,2022,47360.3
A,ITD,D21X31_C_W2_S1,V,N,2025M1,2023,50440.9
A,ITD1,B1G_B_W2_S1,V,N,2025M1,2021,23741.8
A,ITD1,B1G_B_W2_S1,V,N,2025M1,2022,26795.1
A,ITD1,B1G_B_W2_S1,V,N,2025M1,2023,28746.6
A,ITD1,B1GQ_B_W2_S1,V,N,2025M1,2021,26649.1
A,ITD1,B1GQ_B_W2_S1,V,N,2025M1,2022,29882.3
A,ITD1,B1GQ_B_W2_S1,V,N,2025M1,2023,32044.4
A,ITD1,D21X31_C_W2_S1,V,N,2025M1,2021,2907.3
A,ITD1,D21X31_C_W2_S1,V,N,2025M1,2022,3087.2
A,ITD1,D21X31_C_W2_S1,V,N,2025M1,2023,3297.8
A,ITD10,B1G_B_W2_S1,V,N,2025M1,2021,23742.0
A,ITD10,B1G_B_W2_S1,V,N,2025M1,2022,26795.0
A,ITD10,B1GQ_B_W2_S1,V,N,2025M1,2021,26661.0
A,ITD10,B1GQ_B_W2_S1,V,N,2025M1,2022,29882.0
A,ITD10,D21X31_C_W2_S1,V,N,2025M1,2021,2919.0
A,ITD10,D21X31_C_W2_S1,V,N,2025M1,2022,3087.0
A,ITD2,B1G_B_W2_S1,V,N,2025M1,2021,19057.5
A,ITD2,B1G_B_W2_S1,V,N,2025M1,2022,21342.7
A,ITD2,B1G_B_W2_S1,V,N,2025M1,2023,22623.8
A,ITD2,B1GQ_B_W2_S1,V,N,2025M1,2021,21394.5
A,ITD2,B1GQ_B_W2_S1,V,N,2025M1,2022,23794.5
A,ITD2,B1GQ_B_W2_S1,V,N,2025M1,2023,25227.9
A,ITD2,D21X31_C_W2_S1,V,N,2025M1,2021,2337.0
A,ITD2,D21X31_C_W2_S1,V,N,2025M1,2022,2451.8
A,ITD2,D21X31_C_W2_S1,V,N,2025M1,2023,2604.1
A,ITD20,B1G_B_W2_S1,V,N,2025M1,2021,19058.0
A,ITD20,B1G_B_W2_S1,V,N,2025M1,2022,21343.0
A,ITD20,B1GQ_B_W2_S1,V,N,2025M1,2021,21391.0
A,ITD20,B1GQ_B_W2_S1,V,N,2025M1,2022,23794.0
A,ITD20,D21X31_C_W2_S1,V,N,2025M1,2021,2333.0
A,ITD20,D21X31_C_W2_S1,V,N,2025M1,2022,2452.0
A,ITD3,B1G_B_W2_S1,V,N,2025M1,2021,151724.8
A,ITD3,B1G_B_W2_S1,V,N,2025M1,2022,165225.9
A,ITD3,B1G_B_W2_S1,V,N,2025M1,2023,176947.1
A,ITD3,B1GQ_B_W2_S1,V,N,2025M1,2021,170111.8
A,ITD3,B1GQ_B_W2_S1,V,N,2025M1,2022,184143.4
A,ITD3,B1GQ_B_W2_S1,V,N,2025M1,2023,197135.8
A,ITD3,D21X31_C_W2_S1,V,N,2025M1,2021,18387.0
A,ITD3,D21X31_C_W2_S1,V,N,2025M1,2022,18917.6
A,ITD3,D21X31_C_W2_S1,V,N,2025M1,2023,20188.7
A,ITD31,B1G_B_W2_S1,V,N,2025M1,2021,29404.0
A,ITD31,B1G_B_W2_S1,V,N,2025M1,2022,32304.0
A,ITD31,B1GQ_B_W2_S1,V,N,2025M1,2021,32965.0
A,ITD31,B1GQ_B_W2_S1,V,N,2025M1,2022,36003.0
A,ITD31,D21X31_C_W2_S1,V,N,2025M1,2021,3562.0
A,ITD31,D21X31_C_W2_S1,V,N,2025M1,2022,3699.0
A,ITD32,B1G_B_W2_S1,V,N,2025M1,2021,28337.0
A,ITD32,B1G_B_W2_S1,V,N,2025M1,2022,30641.0
A,ITD32,B1GQ_B_W2_S1,V,N,2025M1,2021,31770.0
A,ITD32,B1GQ_B_W2_S1,V,N,2025M1,2022,34149.0
A,ITD32,D21X31_C_W2_S1,V,N,2025M1,2021,3433.0
A,ITD32,D21X31_C_W2_S1,V,N,2025M1,2022,3508.0
A,ITD33,B1G_B_W2_S1,V,N,2025M1,2021,6015.0
A,ITD33,B1G_B_W2_S1,V,N,2025M1,2022,6658.0
A,ITD33,B1GQ_B_W2_S1,V,N,2025M1,2021,6743.0
A,ITD33,B1GQ_B_W2_S1,V,N,2025M1,2022,7420.0
A,ITD33,D21X31_C_W2_S1,V,N,2025M1,2021,729.0
A,ITD33,D21X31_C_W2_S1,V,N,2025M1,2022,762.0
A,ITD34,B1G_B_W2_S1,V,N,2025M1,2021,28149.0
A,ITD34,B1G_B_W2_S1,V,N,2025M1,2022,30133.0
A,ITD34,B1GQ_B_W2_S1,V,N,2025M1,2021,31559.0
A,ITD34,B1GQ_B_W2_S1,V,N,2025M1,2022,33583.0
A,ITD34,D21X31_C_W2_S1,V,N,2025M1,2021,3410.0
A,ITD34,D21X31_C_W2_S1,V,N,2025M1,2022,3450.0
A,ITD35,B1G_B_W2_S1,V,N,2025M1,2021,23834.0
A,ITD35,B1G_B_W2_S1,V,N,2025M1,2022,26838.0
A,ITD35,B1GQ_B_W2_S1,V,N,2025M1,2021,26721.0
A,ITD35,B1GQ_B_W2_S1,V,N,2025M1,2022,29911.0
A,ITD35,D21X31_C_W2_S1,V,N,2025M1,2021,2887.0
A,ITD35,D21X31_C_W2_S1,V,N,2025M1,2022,3073.0
A,ITD36,B1G_B_W2_S1,V,N,2025M1,2021,30281.0
A,ITD36,B1G_B_W2_S1,V,N,2025M1,2022,32631.0
A,ITD36,B1GQ_B_W2_S1,V,N,2025M1,2021,33948.0
A,ITD36,B1GQ_B_W2_S1,V,N,2025M1,2022,36368.0
A,ITD36,D21X31_C_W2_S1,V,N,2025M1,2021,3668.0
A,ITD36,D21X31_C_W2_S1,V,N,2025M1,2022,3736.0
A,ITD37,B1G_B_W2_S1,V,N,2025M1,2021,5706.0
A,ITD37,B1G_B_W2_S1,V,N,2025M1,2022,6021.0
A,ITD37,B1GQ_B_W2_S1,V,N,2025M1,2021,6397.0
A,ITD37,B1GQ_B_W2_S1,V,N,2025M1,2022,6711.0
A,ITD37,D21X31_C_W2_S1,V,N,2025M1,2021,691.0
A,ITD37,D21X31_C_W2_S1,V,N,2025M1,2022,689.0
A,ITD4,B1G_B_W2_S1,V,N,2025M1,2021,36143.0
A,ITD4,B1G_B_W2_S1,V,N,2025M1,2022,38350.0
A,ITD4,B1G_B_W2_S1,V,N,2025M1,2023,40401.4
A,ITD4,B1GQ_B_W2_S1,V,N,2025M1,2021,40472.5
A,ITD4,B1GQ_B_W2_S1,V,N,2025M1,2022,42690.3
A,ITD4,B1GQ_B_W2_S1,V,N,2025M1,2023,44996.2
A,ITD4,D21X31_C_W2_S1,V,N,2025M1,2021,4329.5
A,ITD4,D21X31_C_W2_S1,V,N,2025M1,2022,4340.3
A,ITD4,D21X31_C_W2_S1,V,N,2025M1,2023,4594.9
A,ITD41,B1G_B_W2_S1,V,N,2025M1,2021,9177.0
A,ITD41,B1G_B_W2_S1,V,N,2025M1,2022,9712.0
A,ITD41,B1GQ_B_W2_S1,V,N,2025M1,2021,10276.0
A,ITD41,B1GQ_B_W2_S1,V,N,2025M1,2022,10811.0
A,ITD41,D21X31_C_W2_S1,V,N,2025M1,2021,1099.0
A,ITD41,D21X31_C_W2_S1,V,N,2025M1,2022,1099.0
A,ITD42,B1G_B_W2_S1,V,N,2025M1,2021,15388.0
A,ITD42,B1G_B_W2_S1,V,N,2025M1,2022,16661.0
A,ITD42,B1GQ_B_W2_S1,V,N,2025M1,2021,17230.0
A,ITD42,B1GQ_B_W2_S1,V,N,2025M1,2022,18546.0
A,ITD42,D21X31_C_W2_S1,V,N,2025M1,2021,1843.0
A,ITD42,D21X31_C_W2_S1,V,N,2025M1,2022,1886.0
A,ITD43,B1G_B_W2_S1,V,N,2025M1,2021,3677.0
A,ITD43,B1G_B_W2_S1,V,N,2025M1,2022,3942.0
A,ITD43,B1GQ_B_W2_S1,V,N,2025M1,2021,4117.0
A,ITD43,B1GQ_B_W2_S1,V,N,2025M1,2022,4388.0
A,ITD43,D21X31_C_W2_S1,V,N,2025M1,2021,440.0
A,ITD43,D21X31_C_W2_S1,V,N,2025M1,2022,446.0
A,ITD44,B1G_B_W2_S1,V,N,2025M1,2021,7901.0
A,ITD44,B1G_B_W2_S1,V,N,2025M1,2022,8036.0
A,ITD44,B1GQ_B_W2_S1,V,N,2025M1,2021,8847.0
A,ITD44,B1GQ_B_W2_S1,V,N,2025M1,2022,8945.0
A,ITD44,D21X31_C_W2_S1,V,N,2025M1,2021,946.0
A,ITD44,D21X31_C_W2_S1,V,N,2025M1,2022,909.0
A,ITD5,B1G_B_W2_S1,V,N,2025M1,2021,150885.5
A,ITD5,B1G_B_W2_S1,V,N,2025M1,2022,161969.9
A,ITD5,B1G_B_W2_S1,V,N,2025M1,2023,172907.2
A,ITD5,B1GQ_B_W2_S1,V,N,2025M1,2021,169152.7
A,ITD5,B1GQ_B_W2_S1,V,N,2025M1,2022,180533.3
A,ITD5,B1GQ_B_W2_S1,V,N,2025M1,2023,192662.6
A,ITD5,D21X31_C_W2_S1,V,N,2025M1,2021,18267.1
A,ITD5,D21X31_C_W2_S1,V,N,2025M1,2022,18563.4
A,ITD5,D21X31_C_W2_S1,V,N,2025M1,2023,19755.4
A,ITD51,B1G_B_W2_S1,V,N,2025M1,2021,8970.0
A,ITD51,B1G_B_W2_S1,V,N,2025M1,2022,9565.0
A,ITD51,B1GQ_B_W2_S1,V,N,2025M1,2021,10056.0
A,ITD51,B1GQ_B_W2_S1,V,N,2025M1,2022,10661.0
A,ITD51,D21X31_C_W2_S1,V,N,2025M1,2021,1086.0
A,ITD51,D21X31_C_W2_S1,V,N,2025M1,2022,1096.0
A,ITD52,B1G_B_W2_S1,V,N,2025M1,2021,16911.0
A,ITD52,B1G_B_W2_S1,V,N,2025M1,2022,17266.0
A,ITD52,B1GQ_B_W2_S1,V,N,2025M1,2021,18959.0
A,ITD52,B1GQ_B_W2_S1,V,N,2025M1,2022,19245.0
A,ITD52,D21X31_C_W2_S1,V,N,2025M1,2021,2048.0
A,ITD52,D21X31_C_W2_S1,V,N,2025M1,2022,1979.0
A,ITD53,B1G_B_W2_S1,V,N,2025M1,2021,18168.0
A,ITD53,B1G_B_W2_S1,V,N,2025M1,2022,19820.0
A,ITD53,B1GQ_B_W2_S1,V,N,2025M1,2021,20367.0
A,ITD53,B1GQ_B_W2_S1,V,N,2025M1,2022,22092.0
A,ITD53,D21X31_C_W2_S1,V,N,2025M1,2021,2200.0
A,ITD53,D21X31_C_W2_S1,V,N,2025M1,2022,2272.0
A,ITD54,B1G_B_W2_S1,V,N,2025M1,2021,26290.0
A,ITD54,B1G_B_W2_S1,V,N,2025M1,2022,28380.0
A,ITD54,B1GQ_B_W2_S1,V,N,2025M1,2021,29473.0
A,ITD54,B1GQ_B_W2_S1,V,N,2025M1,2022,31633.0
A,ITD54,D21X31_C_W2_S1,V,N,2025M1,2021,3183.0
A,ITD54,D21X31_C_W2_S1,V,N,2025M1,2022,3253.0
A,ITD55,B1G_B_W2_S1,V,N,2025M1,2021,38872.0
A,ITD55,B1G_B_W2_S1,V,N,2025M1,2022,42375.0
A,ITD55,B1GQ_B_W2_S1,V,N,2025M1,2021,43579.0
A,ITD55,B1GQ_B_W2_S1,V,N,2025M1,2022,47231.0
A,ITD55,D21X31_C_W2_S1,V,N,2025M1,2021,4707.0
A,ITD55,D21X31_C_W2_S1,V,N,2025M1,2022,4857.0
A,ITD56,B1G_B_W2_S1,V,N,2025M1,2021,8565.0
A,ITD56,B1G_B_W2_S1,V,N,2025M1,2022,8797.0
A,ITD56,B1GQ_B_W2_S1,V,N,2025M1,2021,9602.0
A,ITD56,B1GQ_B_W2_S1,V,N,2025M1,2022,9805.0
A,ITD56,D21X31_C_W2_S1,V,N,2025M1,2021,1037.0
A,ITD56,D21X31_C_W2_S1,V,N,2025M1,2022,1008.0
A,ITD57,B1G_B_W2_S1,V,N,2025M1,2021,11517.0
A,ITD57,B1G_B_W2_S1,V,N,2025M1,2022,12408.0
A,ITD57,B1GQ_B_W2_S1,V,N,2025M1,2021,12912.0
A,ITD57,B1GQ_B_W2_S1,V,N,2025M1,2022,13830.0
A,ITD57,D21X31_C_W2_S1,V,N,2025M1,2021,1394.0
A,ITD57,D21X31_C_W2_S1,V,N,2025M1,2022,1422.0
A,ITD58,B1G_B_W2_S1,V,N,2025M1,2021,12197.0
A,ITD58,B1G_B_W2_S1,V,N,2025M1,2022,13052.0
A,ITD58,B1GQ_B_W2_S1,V,N,2025M1,2021,13673.0
A,ITD58,B1GQ_B_W2_S1,V,N,2025M1,2022,14548.0
A,ITD58,D21X31_C_W2_S1,V,N,2025M1,2021,1477.0
A,ITD58,D21X31_C_W2_S1,V,N,2025M1,2022,1496.0
A,ITD59,B1G_B_W2_S1,V,N,2025M1,2021,9397.0
A,ITD59,B1G_B_W2_S1,V,N,2025M1,2022,10307.0
A,ITD59,B1GQ_B_W2_S1,V,N,2025M1,2021,10534.0
A,ITD59,B1GQ_B_W2_S1,V,N,2025M1,2022,11488.0
A,ITD59,D21X31_C_W2_S1,V,N,2025M1,2021,1138.0
A,ITD59,D21X31_C_W2_S1,V,N,2025M1,2022,1181.0
A,ITDA,B1G_B_W2_S1,V,N,2025M1,2021,42799.3
A,ITDA,B1G_B_W2_S1,V,N,2025M1,2022,48137.8
A,ITDA,B1G_B_W2_S1,V,N,2025M1,2023,51370.3
A,ITDA,B1GQ_B_W2_S1,V,N,2025M1,2021,48043.6
A,ITDA,B1GQ_B_W2_S1,V,N,2025M1,2022,53676.8
A,ITDA,B1GQ_B_W2_S1,V,N,2025M1,2023,57272.3
A,ITDA,D21X31_C_W2_S1,V,N,2025M1,2021,5244.3
A,ITDA,D21X31_C_W2_S1,V,N,2025M1,2022,5539.0
A,ITDA,D21X31_C_W2_S1,V,N,2025M1,2023,5902.0
A,ITE,B1G_B_W2_S1,V,N,2025M1,2021,348173.7
A,ITE,B1G_B_W2_S1,V,N,2025M1,2022,385041.1
A,ITE,B1G_B_W2_S1,V,N,2025M1,2023,405414.6
A,ITE,B1GQ_B_W2_S1,V,N,2025M1,2021,390361.4
A,ITE,B1GQ_B_W2_S1,V,N,2025M1,2022,429109.9
A,ITE,B1GQ_B_W2_S1,V,N,2025M1,2023,452273.8
A,ITE,D21X31_C_W2_S1,V,N,2025M1,2021,42187.7
A,ITE,D21X31_C_W2_S1,V,N,2025M1,2022,44068.8
A,ITE,D21X31_C_W2_S1,V,N,2025M1,2023,46859.2
A,ITE1,B1G_B_W2_S1,V,N,2025M1,2021,106577.6
A,ITE1,B1G_B_W2_S1,V,N,2025M1,2022,116979.4
A,ITE1,B1G_B_W2_S1,V,N,2025M1,2023,123703.5
A,ITE1,B1GQ_B_W2_S1,V,N,2025M1,2021,119552.3
A,ITE1,B1GQ_B_W2_S1,V,N,2025M1,2022,130428.9
A,ITE1,B1GQ_B_W2_S1,V,N,2025M1,2023,137966.2
A,ITE1,D21X31_C_W2_S1,V,N,2025M1,2021,12974.8
A,ITE1,D21X31_C_W2_S1,V,N,2025M1,2022,13449.5
A,ITE1,D21X31_C_W2_S1,V,N,2025M1,2023,14262.7
A,ITE11,B1G_B_W2_S1,V,N,2025M1,2021,4580.0
A,ITE11,B1G_B_W2_S1,V,N,2025M1,2022,4961.0
A,ITE11,B1GQ_B_W2_S1,V,N,2025M1,2021,5137.0
A,ITE11,B1GQ_B_W2_S1,V,N,2025M1,2022,5532.0
A,ITE11,D21X31_C_W2_S1,V,N,2025M1,2021,558.0
A,ITE11,D21X31_C_W2_S1,V,N,2025M1,2022,570.0
A,ITE12,B1G_B_W2_S1,V,N,2025M1,2021,10248.0
A,ITE12,B1G_B_W2_S1,V,N,2025M1,2022,11358.0
A,ITE12,B1GQ_B_W2_S1,V,N,2025M1,2021,11496.0
A,ITE12,B1GQ_B_W2_S1,V,N,2025M1,2022,12664.0
A,ITE12,D21X31_C_W2_S1,V,N,2025M1,2021,1248.0
A,ITE12,D21X31_C_W2_S1,V,N,2025M1,2022,1306.0
A,ITE13,B1G_B_W2_S1,V,N,2025M1,2021,6948.0
A,ITE13,B1G_B_W2_S1,V,N,2025M1,2022,7459.0
A,ITE13,B1GQ_B_W2_S1,V,N,2025M1,2021,7794.0
A,ITE13,B1GQ_B_W2_S1,V,N,2025M1,2022,8316.0
A,ITE13,D21X31_C_W2_S1,V,N,2025M1,2021,846.0
A,ITE13,D21X31_C_W2_S1,V,N,2025M1,2022,858.0
A,ITE14,B1G_B_W2_S1,V,N,2025M1,2021,34849.0
A,ITE14,B1G_B_W2_S1,V,N,2025M1,2022,38738.0
A,ITE14,B1GQ_B_W2_S1,V,N,2025M1,2021,39092.0
A,ITE14,B1GQ_B_W2_S1,V,N,2025M1,2022,43191.0
A,ITE14,D21X31_C_W2_S1,V,N,2025M1,2021,4243.0
A,ITE14,D21X31_C_W2_S1,V,N,2025M1,2022,4454.0
A,ITE15,B1G_B_W2_S1,V,N,2025M1,2021,7358.0
A,ITE15,B1G_B_W2_S1,V,N,2025M1,2022,8040.0
A,ITE15,B1GQ_B_W2_S1,V,N,2025M1,2021,8254.0
A,ITE15,B1GQ_B_W2_S1,V,N,2025M1,2022,8964.0
A,ITE15,D21X31_C_W2_S1,V,N,2025M1,2021,896.0
A,ITE15,D21X31_C_W2_S1,V,N,2025M1,2022,924.0
A,ITE16,B1G_B_W2_S1,V,N,2025M1,2021,8358.0
A,ITE16,B1G_B_W2_S1,V,N,2025M1,2022,9153.0
A,ITE16,B1GQ_B_W2_S1,V,N,2025M1,2021,9376.0
A,ITE16,B1GQ_B_W2_S1,V,N,2025M1,2022,10205.0
A,ITE16,D21X31_C_W2_S1,V,N,2025M1,2021,1018.0
A,ITE16,D21X31_C_W2_S1,V,N,2025M1,2022,1052.0
A,ITE17,B1G_B_W2_S1,V,N,2025M1,2021,12314.0
A,ITE17,B1G_B_W2_S1,V,N,2025M1,2022,13330.0
A,ITE17,B1GQ_B_W2_S1,V,N,2025M1,2021,13813.0
A,ITE17,B1GQ_B_W2_S1,V,N,2025M1,2022,14862.0
A,ITE17,D21X31_C_W2_S1,V,N,2025M1,2021,1499.0
A,ITE17,D21X31_C_W2_S1,V,N,2025M1,2022,1533.0
A,ITE18,B1G_B_W2_S1,V,N,2025M1,2021,9164.0
A,ITE18,B1G_B_W2_S1,V,N,2025M1,2022,10286.0
A,ITE18,B1GQ_B_W2_S1,V,N,2025M1,2021,10280.0
A,ITE18,B1GQ_B_W2_S1,V,N,2025M1,2022,11469.0
A,ITE18,D21X31_C_W2_S1,V,N,2025M1,2021,1116.0
A,ITE18,D21X31_C_W2_S1,V,N,2025M1,2022,1183.0
A,ITE19,B1G_B_W2_S1,V,N,2025M1,2021,7586.0
A,ITE19,B1G_B_W2_S1,V,N,2025M1,2022,8136.0
A,ITE19,B1GQ_B_W2_S1,V,N,2025M1,2021,8509.0
A,ITE19,B1GQ_B_W2_S1,V,N,2025M1,2022,9071.0
A,ITE19,D21X31_C_W2_S1,V,N,2025M1,2021,924.0
A,ITE19,D21X31_C_W2_S1,V,N,2025M1,2022,935.0
A,ITE1A,B1G_B_W2_S1,V,N,2025M1,2021,5172.0
A,ITE1A,B1G_B_W2_S1,V,N,2025M1,2022,5520.0
A,ITE1A,B1GQ_B_W2_S1,V,N,2025M1,2021,5802.0
A,ITE1A,B1GQ_B_W2_S1,V,N,2025M1,2022,6154.0
A,ITE1A,D21X31_C_W2_S1,V,N,2025M1,2021,630.0
A,ITE1A,D21X31_C_W2_S1,V,N,2025M1,2022,635.0
A,ITE2,B1G_B_W2_S1,V,N,2025M1,2021,20547.5
A,ITE2,B1G_B_W2_S1,V,N,2025M1,2022,22169.2
A,ITE2,B1G_B_W2_S1,V,N,2025M1,2023,23416.1
A,ITE2,B1GQ_B_W2_S1,V,N,2025M1,2021,23051.0
A,ITE2,B1GQ_B_W2_S1,V,N,2025M1,2022,24695.7
A,ITE2,B1GQ_B_W2_S1,V,N,2025M1,2023,26094.8
A,ITE2,D21X31_C_W2_S1,V,N,2025M1,2021,2503.6
A,ITE2,D21X31_C_W2_S1,V,N,2025M1,2022,2526.5
A,ITE2,D21X31_C_W2_S1,V,N,2025M1,2023,2678.7
A,ITE21,B1G_B_W2_S1,V,N,2025M1,2021,15610.0
A,ITE21,B1G_B_W2_S1,V,N,2025M1,2022,17064.0
A,ITE21,B1GQ_B_W2_S1,V,N,2025M1,2021,17501.0
A,ITE21,B1GQ_B_W2_S1,V,N,2025M1,2022,19009.0
A,ITE21,D21X31_C_W2_S1,V,N,2025M1,2021,1891.0
A,ITE21,D21X31_C_W2_S1,V,N,2025M1,2022,1945.0
A,ITE22,B1G_B_W2_S1,V,N,2025M1,2021,4937.0
A,ITE22,B1G_B_W2_S1,V,N,2025M1,2022,5105.0
A,ITE22,B1GQ_B_W2_S1,V,N,2025M1,2021,5536.0
A,ITE22,B1GQ_B_W2_S1,V,N,2025M1,2022,5687.0
A,ITE22,D21X31_C_W2_S1,V,N,2025M1,2021,598.0
A,ITE22,D21X31_C_W2_S1,V,N,2025M1,2022,582.0
A,ITE3,B1G_B_W2_S1,V,N,2025M1,2021,38516.7
A,ITE3,B1G_B_W2_S1,V,N,2025M1,2022,41535.5
A,ITE3,B1G_B_W2_S1,V,N,2025M1,2023,44166.6
A,ITE3,B1GQ_B_W2_S1,V,N,2025M1,2021,43185.7
A,ITE3,B1GQ_B_W2_S1,V,N,2025M1,2022,46338.5
A,ITE3,B1GQ_B_W2_S1,V,N,2025M1,2023,49275.9
A,ITE3,D21X31_C_W2_S1,V,N,2025M1,2021,4669.0
A,ITE3,D21X31_C_W2_S1,V,N,2025M1,2022,4803.0
A,ITE3,D21X31_C_W2_S1,V,N,2025M1,2023,5109.4
A,ITE31,B1G_B_W2_S1,V,N,2025M1,2021,9297.0
A,ITE31,B1G_B_W2_S1,V,N,2025M1,2022,9985.0
A,ITE31,B1GQ_B_W2_S1,V,N,2025M1,2021,10425.0
A,ITE31,B1GQ_B_W2_S1,V,N,2025M1,2022,11140.0
A,ITE31,D21X31_C_W2_S1,V,N,2025M1,2021,1128.0
A,ITE31,D21X31_C_W2_S1,V,N,2025M1,2022,1155.0
A,ITE32,B1G_B_W2_S1,V,N,2025M1,2021,12993.0
A,ITE32,B1G_B_W2_S1,V,N,2025M1,2022,13759.0
A,ITE32,B1GQ_B_W2_S1,V,N,2025M1,2021,14570.0
A,ITE32,B1GQ_B_W2_S1,V,N,2025M1,2022,15350.0
A,ITE32,D21X31_C_W2_S1,V,N,2025M1,2021,1577.0
A,ITE32,D21X31_C_W2_S1,V,N,2025M1,2022,1591.0
A,ITE33,B1G_B_W2_S1,V,N,2025M1,2021,7629.0
A,ITE33,B1G_B_W2_S1,V,N,2025M1,2022,8378.0
A,ITE33,B1GQ_B_W2_S1,V,N,2025M1,2021,8555.0
A,ITE33,B1GQ_B_W2_S1,V,N,2025M1,2022,9347.0
A,ITE33,D21X31_C_W2_S1,V,N,2025M1,2021,926.0
A,ITE33,D21X31_C_W2_S1,V,N,2025M1,2022,969.0
A,ITE34,B1G_B_W2_S1,V,N,2025M1,2021,4852.0
A,ITE34,B1G_B_W2_S1,V,N,2025M1,2022,5282.0
A,ITE34,B1GQ_B_W2_S1,V,N,2025M1,2021,5441.0
A,ITE34,B1GQ_B_W2_S1,V,N,2025M1,2022,5893.0
A,ITE34,D21X31_C_W2_S1,V,N,2025M1,2021,589.0
A,ITE34,D21X31_C_W2_S1,V,N,2025M1,2022,611.0
A,ITE4,B1G_B_W2_S1,V,N,2025M1,2021,182531.9
A,ITE4,B1G_B_W2_S1,V,N,2025M1,2022,204357.0
A,ITE4,B1G_B_W2_S1,V,N,2025M1,2023,214128.4
A,ITE4,B1GQ_B_W2_S1,V,N,2025M1,2021,204572.4
A,ITE4,B1GQ_B_W2_S1,V,N,2025M1,2022,227646.8
A,ITE4,B1GQ_B_W2_S1,V,N,2025M1,2023,238936.9
A,ITE4,D21X31_C_W2_S1,V,N,2025M1,2021,22040.4
A,ITE4,D21X31_C_W2_S1,V,N,2025M1,2022,23289.8
A,ITE4,D21X31_C_W2_S1,V,N,2025M1,2023,24808.5
A,ITE41,B1G_B_W2_S1,V,N,2025M1,2021,6231.0
A,ITE41,B1G_B_W2_S1,V,N,2025M1,2022,6731.0
A,ITE41,B1GQ_B_W2_S1,V,N,2025M1,2021,6984.0
A,ITE41,B1GQ_B_W2_S1,V,N,2025M1,2022,7498.0
A,ITE41,D21X31_C_W2_S1,V,N,2025M1,2021,753.0
A,ITE41,D21X31_C_W2_S1,V,N,2025M1,2022,767.0
A,ITE42,B1G_B_W2_S1,V,N,2025M1,2021,3116.0
A,ITE42,B1G_B_W2_S1,V,N,2025M1,2022,3295.0
A,ITE42,B1GQ_B_W2_S1,V,N,2025M1,2021,3493.0
A,ITE42,B1GQ_B_W2_S1,V,N,2025M1,2022,3670.0
A,ITE42,D21X31_C_W2_S1,V,N,2025M1,2021,376.0
A,ITE42,D21X31_C_W2_S1,V,N,2025M1,2022,376.0
A,ITE43,B1G_B_W2_S1,V,N,2025M1,2021,150850.0
A,ITE43,B1G_B_W2_S1,V,N,2025M1,2022,170668.0
A,ITE43,B1GQ_B_W2_S1,V,N,2025M1,2021,169072.0
A,ITE43,B1GQ_B_W2_S1,V,N,2025M1,2022,190118.0
A,ITE43,D21X31_C_W2_S1,V,N,2025M1,2021,18222.0
A,ITE43,D21X31_C_W2_S1,V,N,2025M1,2022,19450.0
A,ITE44,B1G_B_W2_S1,V,N,2025M1,2021,12377.0
A,ITE44,B1G_B_W2_S1,V,N,2025M1,2022,13060.0
A,ITE44,B1GQ_B_W2_S1,V,N,2025M1,2021,13872.0
A,ITE44,B1GQ_B_W2_S1,V,N,2025M1,2022,14549.0
A,ITE44,D21X31_C_W2_S1,V,N,2025M1,2021,1495.0
A,ITE44,D21X31_C_W2_S1,V,N,2025M1,2022,1488.0
A,ITE45,B1G_B_W2_S1,V,N,2025M1,2021,9958.0
A,ITE45,B1G_B_W2_S1,V,N,2025M1,2022,10603.0
A,ITE45,B1GQ_B_W2_S1,V,N,2025M1,2021,11161.0
A,ITE45,B1GQ_B_W2_S1,V,N,2025M1,2022,11811.0
A,ITE45,D21X31_C_W2_S1,V,N,2025M1,2021,1203.0
A,ITE45,D21X31_C_W2_S1,V,N,2025M1,2022,1208.0
A,ITF,B1G_B_W2_S1,V,N,2025M1,2021,249243.5
A,ITF,B1G_B_W2_S1,V,N,2025M1,2022,271474.7
A,ITF,B1G_B_W2_S1,V,N,2025M1,2023,289679.6
A,ITF,B1GQ_B_W2_S1,V,N,2025M1,2021,278914.1
A,ITF,B1GQ_B_W2_S1,V,N,2025M1,2022,302095.0
A,ITF,B1GQ_B_W2_S1,V,N,2025M1,2023,322367.5
A,ITF,D21X31_C_W2_S1,V,N,2025M1,2021,29670.5
A,ITF,D21X31_C_W2_S1,V,N,2025M1,2022,30620.4
A,ITF,D21X31_C_W2_S1,V,N,2025M1,2023,32687.9
A,ITF1,B1G_B_W2_S1,V,N,2025M1,2021,30029.0
A,ITF1,B1G_B_W2_S1,V,N,2025M1,2022,32703.8
A,ITF1,B1G_B_W2_S1,V,N,2025M1,2023,35389.9
A,ITF1,B1GQ_B_W2_S1,V,N,2025M1,2021,33656.1
A,ITF1,B1GQ_B_W2_S1,V,N,2025M1,2022,36459.6
A,ITF1,B1GQ_B_W2_S1,V,N,2025M1,2023,39419.2
A,ITF1,D21X31_C_W2_S1,V,N,2025M1,2021,3627.1
A,ITF1,D21X31_C_W2_S1,V,N,2025M1,2022,3755.8
A,ITF1,D21X31_C_W2_S1,V,N,2025M1,2023,4029.3
A,ITF11,B1G_B_W2_S1,V,N,2025M1,2021,6762.0
A,ITF11,B1G_B_W2_S1,V,N,2025M1,2022,7521.0
A,ITF11,B1GQ_B_W2_S1,V,N,2025M1,2021,7578.0
A,ITF11,B1GQ_B_W2_S1,V,N,2025M1,2022,8385.0
A,ITF11,D21X31_C_W2_S1,V,N,2025M1,2021,816.0
A,ITF11,D21X31_C_W2_S1,V,N,2025M1,2022,864.0
A,ITF12,B1G_B_W2_S1,V,N,2025M1,2021,6928.0
A,ITF12,B1G_B_W2_S1,V,N,2025M1,2022,7579.0
A,ITF12,B1GQ_B_W2_S1,V,N,2025M1,2021,7764.0
A,ITF12,B1GQ_B_W2_S1,V,N,2025M1,2022,8449.0
A,ITF12,D21X31_C_W2_S1,V,N,2025M1,2021,836.0
A,ITF12,D21X31_C_W2_S1,V,N,2025M1,2022,870.0
A,ITF13,B1G_B_W2_S1,V,N,2025M1,2021,7217.0
A,ITF13,B1G_B_W2_S1,V,N,2025M1,2022,7696.0
A,ITF13,B1GQ_B_W2_S1,V,N,2025M1,2021,8088.0
A,ITF13,B1GQ_B_W2_S1,V,N,2025M1,2022,8580.0
A,ITF13,D21X31_C_W2_S1,V,N,2025M1,2021,871.0
A,ITF13,D21X31_C_W2_S1,V,N,2025M1,2022,884.0
A,ITF14,B1G_B_W2_S1,V,N,2025M1,2021,9123.0
A,ITF14,B1G_B_W2_S1,V,N,2025M1,2022,9908.0
A,ITF14,B1GQ_B_W2_S1,V,N,2025M1,2021,10224.0
A,ITF14,B1GQ_B_W2_S1,V,N,2025M1,2022,11045.0
A,ITF14,D21X31_C_W2_S1,V,N,2025M1,2021,1102.0
A,ITF14,D21X31_C_W2_S1,V,N,2025M1,2022,1138.0
A,ITF2,B1G_B_W2_S1,V,N,2025M1,2021,6115.8
A,ITF2,B1G_B_W2_S1,V,N,2025M1,2022,6533.7
A,ITF2,B1G_B_W2_S1,V,N,2025M1,2023,6955.9
A,ITF2,B1GQ_B_W2_S1,V,N,2025M1,2021,6847.6
A,ITF2,B1GQ_B_W2_S1,V,N,2025M1,2022,7275.8
A,ITF2,B1GQ_B_W2_S1,V,N,2025M1,2023,7746.5
A,ITF2,D21X31_C_W2_S1,V,N,2025M1,2021,731.8
A,ITF2,D21X31_C_W2_S1,V,N,2025M1,2022,742.1
A,ITF2,D21X31_C_W2_S1,V,N,2025M1,2023,790.6
A,ITF21,B1G_B_W2_S1,V,N,2025M1,2021,1586.0
A,ITF21,B1G_B_W2_S1,V,N,2025M1,2022,1712.0
A,ITF21,B1GQ_B_W2_S1,V,N,2025M1,2021,1775.0
A,ITF21,B1GQ_B_W2_S1,V,N,2025M1,2022,1907.0
A,ITF21,D21X31_C_W2_S1,V,N,2025M1,2021,190.0
A,ITF21,D21X31_C_W2_S1,V,N,2025M1,2022,194.0
A,ITF22,B1G_B_W2_S1,V,N,2025M1,2021,4530.0
A,ITF22,B1G_B_W2_S1,V,N,2025M1,2022,4821.0
A,ITF22,B1GQ_B_W2_S1,V,N,2025M1,2021,5072.0
A,ITF22,B1GQ_B_W2_S1,V,N,2025M1,2022,5369.0
A,ITF22,D21X31_C_W2_S1,V,N,2025M1,2021,542.0
A,ITF22,D21X31_C_W2_S1,V,N,2025M1,2022,548.0
A,ITF3,B1G_B_W2_S1,V,N,2025M1,2021,100037.5
A,ITF3,B1G_B_W2_S1,V,N,2025M1,2022,109720.9
A,ITF3,B1G_B_W2_S1,V,N,2025M1,2023,116924.0
A,ITF3,B1GQ_B_W2_S1,V,N,2025M1,2021,111938.6
A,ITF3,B1GQ_B_W2_S1,V,N,2025M1,2022,121993.5
A,ITF3,B1GQ_B_W2_S1,V,N,2025M1,2023,130037.0
A,ITF3,D21X31_C_W2_S1,V,N,2025M1,2021,11901.1
A,ITF3,D21X31_C_W2_S1,V,N,2025M1,2022,12272.5
A,ITF3,D21X31_C_W2_S1,V,N,2025M1,2023,13113.1
A,ITF31,B1G_B_W2_S1,V,N,2025M1,2021,14796.0
A,ITF31,B1G_B_W2_S1,V,N,2025M1,2022,16115.0
A,ITF31,B1GQ_B_W2_S1,V,N,2025M1,2021,16557.0
A,ITF31,B1GQ_B_W2_S1,V,N,2025M1,2022,17918.0
A,ITF31,D21X31_C_W2_S1,V,N,2025M1,2021,1760.0
A,ITF31,D21X31_C_W2_S1,V,N,2025M1,2022,1803.0
A,ITF32,B1G_B_W2_S1,V,N,2025M1,2021,4351.0
A,ITF32,B1G_B_W2_S1,V,N,2025M1,2022,4718.0
A,ITF32,B1GQ_B_W2_S1,V,N,2025M1,2021,4868.0
A,ITF32,B1GQ_B_W2_S1,V,N,2025M1,2022,5246.0
A,ITF32,D21X31_C_W2_S1,V,N,2025M1,2021,518.0
A,ITF32,D21X31_C_W2_S1,V,N,2025M1,2022,528.0
A,ITF33,B1G_B_W2_S1,V,N,2025M1,2021,54670.0
A,ITF33,B1G_B_W2_S1,V,N,2025M1,2022,60044.0
A,ITF33,B1GQ_B_W2_S1,V,N,2025M1,2021,61174.0
A,ITF33,B1GQ_B_W2_S1,V,N,2025M1,2022,66760.0
A,ITF33,D21X31_C_W2_S1,V,N,2025M1,2021,6504.0
A,ITF33,D21X31_C_W2_S1,V,N,2025M1,2022,6716.0
A,ITF34,B1G_B_W2_S1,V,N,2025M1,2021,7042.0
A,ITF34,B1G_B_W2_S1,V,N,2025M1,2022,7636.0
A,ITF34,B1GQ_B_W2_S1,V,N,2025M1,2021,7879.0
A,ITF34,B1GQ_B_W2_S1,V,N,2025M1,2022,8491.0
A,ITF34,D21X31_C_W2_S1,V,N,2025M1,2021,838.0
A,ITF34,D21X31_C_W2_S1,V,N,2025M1,2022,854.0
A,ITF35,B1G_B_W2_S1,V,N,2025M1,2021,19179.0
A,ITF35,B1G_B_W2_S1,V,N,2025M1,2022,21207.0
A,ITF35,B1GQ_B_W2_S1,V,N,2025M1,2021,21461.0
A,ITF35,B1GQ_B_W2_S1,V,N,2025M1,2022,23579.0
A,ITF35,D21X31_C_W2_S1,V,N,2025M1,2021,2282.0
A,ITF35,D21X31_C_W2_S1,V,N,2025M1,2022,2372.0
A,ITF4,B1G_B_W2_S1,V,N,2025M1,2021,70976.7
A,ITF4,B1G_B_W2_S1,V,N,2025M1,2022,77280.0
A,ITF4,B1G_B_W2_S1,V,N,2025M1,2023,82244.5
A,ITF4,B1GQ_B_W2_S1,V,N,2025M1,2021,79454.4
A,ITF4,B1GQ_B_W2_S1,V,N,2025M1,2022,86097.2
A,ITF4,B1GQ_B_W2_S1,V,N,2025M1,2023,91634.7
A,ITF4,D21X31_C_W2_S1,V,N,2025M1,2021,8477.7
A,ITF4,D21X31_C_W2_S1,V,N,2025M1,2022,8817.2
A,ITF4,D21X31_C_W2_S1,V,N,2025M1,2023,9390.2
A,ITF41,B1G_B_W2_S1,V,N,2025M1,2021,9942.0
A,ITF41,B1G_B_W2_S1,V,N,2025M1,2022,10950.0
A,ITF41,B1GQ_B_W2_S1,V,N,2025M1,2021,11130.0
A,ITF41,B1GQ_B_W2_S1,V,N,2025M1,2022,12200.0
A,ITF41,D21X31_C_W2_S1,V,N,2025M1,2021,1188.0
A,ITF41,D21X31_C_W2_S1,V,N,2025M1,2022,1249.0
A,ITF42,B1G_B_W2_S1,V,N,2025M1,2021,25865.0
A,ITF42,B1G_B_W2_S1,V,N,2025M1,2022,28261.0
A,ITF42,B1GQ_B_W2_S1,V,N,2025M1,2021,28954.0
A,ITF42,B1GQ_B_W2_S1,V,N,2025M1,2022,31486.0
A,ITF42,D21X31_C_W2_S1,V,N,2025M1,2021,3089.0
A,ITF42,D21X31_C_W2_S1,V,N,2025M1,2022,3224.0
A,ITF43,B1G_B_W2_S1,V,N,2025M1,2021,10145.0
A,ITF43,B1G_B_W2_S1,V,N,2025M1,2022,10947.0
A,ITF43,B1GQ_B_W2_S1,V,N,2025M1,2021,11357.0
A,ITF43,B1GQ_B_W2_S1,V,N,2025M1,2022,12196.0
A,ITF43,D21X31_C_W2_S1,V,N,2025M1,2021,1212.0
A,ITF43,D21X31_C_W2_S1,V,N,2025M1,2022,1249.0
A,ITF44,B1G_B_W2_S1,V,N,2025M1,2021,6377.0
A,ITF44,B1G_B_W2_S1,V,N,2025M1,2022,6941.0
A,ITF44,B1GQ_B_W2_S1,V,N,2025M1,2021,7138.0
A,ITF44,B1GQ_B_W2_S1,V,N,2025M1,2022,7733.0
A,ITF44,D21X31_C_W2_S1,V,N,2025M1,2021,762.0
A,ITF44,D21X31_C_W2_S1,V,N,2025M1,2022,792.0
A,ITF45,B1G_B_W2_S1,V,N,2025M1,2021,12811.0
A,ITF45,B1G_B_W2_S1,V,N,2025M1,2022,13963.0
A,ITF45,B1GQ_B_W2_S1,V,N,2025M1,2021,14341.0
A,ITF45,B1GQ_B_W2_S1,V,N,2025M1,2022,15556.0
A,ITF45,D21X31_C_W2_S1,V,N,2025M1,2021,1530.0
A,ITF45,D21X31_C_W2_S1,V,N,2025M1,2022,1593.0
A,ITF5,B1G_B_W2_S1,V,N,2025M1,2021,11568.3
A,ITF5,B1G_B_W2_S1,V,N,2025M1,2022,12511.7
A,ITF5,B1G_B_W2_S1,V,N,2025M1,2023,13198.4
A,ITF5,B1GQ_B_W2_S1,V,N,2025M1,2021,12954.0
A,ITF5,B1GQ_B_W2_S1,V,N,2025M1,2022,13966.3
A,ITF5,B1GQ_B_W2_S1,V,N,2025M1,2023,14744.0
A,ITF5,D21X31_C_W2_S1,V,N,2025M1,2021,1385.6
A,ITF5,D21X31_C_W2_S1,V,N,2025M1,2022,1454.6
A,ITF5,D21X31_C_W2_S1,V,N,2025M1,2023,1545.6
A,ITF51,B1G_B_W2_S1,V,N,2025M1,2021,7915.0
A,ITF51,B1G_B_W2_S1,V,N,2025M1,2022,8514.0
A,ITF51,B1GQ_B_W2_S1,V,N,2025M1,2021,8863.0
A,ITF51,B1GQ_B_W2_S1,V,N,2025M1,2022,9504.0
A,ITF51,D21X31_C_W2_S1,V,N,2025M1,2021,949.0
A,ITF51,D21X31_C_W2_S1,V,N,2025M1,2022,990.0
A,ITF52,B1G_B_W2_S1,V,N,2025M1,2021,3653.0
A,ITF52,B1G_B_W2_S1,V,N,2025M1,2022,3998.0
A,ITF52,B1GQ_B_W2_S1,V,N,2025M1,2021,4091.0
A,ITF52,B1GQ_B_W2_S1,V,N,2025M1,2022,4462.0
A,ITF52,D21X31_C_W2_S1,V,N,2025M1,2021,438.0
A,ITF52,D21X31_C_W2_S1,V,N,2025M1,2022,465.0
A,ITF6,B1G_B_W2_S1,V,N,2025M1,2021,30516.2
A,ITF6,B1G_B_W2_S1,V,N,2025M1,2022,32724.5
A,ITF6,B1G_B_W2_S1,V,N,2025M1,2023,34966.9
A,ITF6,B1GQ_B_W2_S1,V,N,2025M1,2021,34063.4
A,ITF6,B1GQ_B_W2_S1,V,N,2025M1,2022,36302.7
A,ITF6,B1GQ_B_W2_S1,V,N,2025M1,2023,38786.0
A,ITF6,D21X31_C_W2_S1,V,N,2025M1,2021,3547.2
A,ITF6,D21X31_C_W2_S1,V,N,2025M1,2022,3578.1
A,ITF6,D21X31_C_W2_S1,V,N,2025M1,2023,3819.1
A,ITF61,B1G_B_W2_S1,V,N,2025M1,2021,10208.0
A,ITF61,B1G_B_W2_S1,V,N,2025M1,2022,10982.0
A,ITF61,B1GQ_B_W2_S1,V,N,2025M1,2021,11394.0
A,ITF61,B1GQ_B_W2_S1,V,N,2025M1,2022,12182.0
A,ITF61,D21X31_C_W2_S1,V,N,2025M1,2021,1187.0
A,ITF61,D21X31_C_W2_S1,V,N,2025M1,2022,1201.0
A,ITF62,B1G_B_W2_S1,V,N,2025M1,2021,2717.0
A,ITF62,B1G_B_W2_S1,V,N,2025M1,2022,2914.0
A,ITF62,B1GQ_B_W2_S1,V,N,2025M1,2021,3033.0
A,ITF62,B1GQ_B_W2_S1,V,N,2025M1,2022,3233.0
A,ITF62,D21X31_C_W2_S1,V,N,2025M1,2021,316.0
A,ITF62,D21X31_C_W2_S1,V,N,2025M1,2022,319.0
A,ITF63,B1G_B_W2_S1,V,N,2025M1,2021,6450.0
A,ITF63,B1G_B_W2_S1,V,N,2025M1,2022,6883.0
A,ITF63,B1GQ_B_W2_S1,V,N,2025M1,2021,7200.0
A,ITF63,B1GQ_B_W2_S1,V,N,2025M1,2022,7635.0
A,ITF63,D21X31_C_W2_S1,V,N,2025M1,2021,750.0
A,ITF63,D21X31_C_W2_S1,V,N,2025M1,2022,753.0
A,ITF64,B1G_B_W2_S1,V,N,2025M1,2021,2347.0
A,ITF64,B1G_B_W2_S1,V,N,2025M1,2022,2505.0
A,ITF64,B1GQ_B_W2_S1,V,N,2025M1,2021,2619.0
A,ITF64,B1GQ_B_W2_S1,V,N,2025M1,2022,2778.0
A,ITF64,D21X31_C_W2_S1,V,N,2025M1,2021,273.0
A,ITF64,D21X31_C_W2_S1,V,N,2025M1,2022,274.0
A,ITF65,B1G_B_W2_S1,V,N,2025M1,2021,8795.0
A,ITF65,B1G_B_W2_S1,V,N,2025M1,2022,9441.0
A,ITF65,B1GQ_B_W2_S1,V,N,2025M1,2021,9817.0
A,ITF65,B1GQ_B_W2_S1,V,N,2025M1,2022,10473.0
A,ITF65,D21X31_C_W2_S1,V,N,2025M1,2021,1022.0
A,ITF65,D21X31_C_W2_S1,V,N,2025M1,2022,1032.0
A,ITFG,B1G_B_W2_S1,V,N,2025M1,2021,363404.2
A,ITFG,B1G_B_W2_S1,V,N,2025M1,2022,398305.8
A,ITFG,B1G_B_W2_S1,V,N,2025M1,2023,425741.9
A,ITFG,B1GQ_B_W2_S1,V,N,2025M1,2021,406764.3
A,ITFG,B1GQ_B_W2_S1,V,N,2025M1,2022,443293.3
A,ITFG,B1GQ_B_W2_S1,V,N,2025M1,2023,473805.2
A,ITFG,D21X31_C_W2_S1,V,N,2025M1,2021,43360.1
A,ITFG,D21X31_C_W2_S1,V,N,2025M1,2022,44987.6
A,ITFG,D21X31_C_W2_S1,V,N,2025M1,2023,48063.3
A,ITG,B1G_B_W2_S1,V,N,2025M1,2021,114160.7
A,ITG,B1G_B_W2_S1,V,N,2025M1,2022,126831.1
A,ITG,B1G_B_W2_S1,V,N,2025M1,2023,136062.3
A,ITG,B1GQ_B_W2_S1,V,N,2025M1,2021,127850.3
A,ITG,B1GQ_B_W2_S1,V,N,2025M1,2022,141198.3
A,ITG,B1GQ_B_W2_S1,V,N,2025M1,2023,151437.7
A,ITG,D21X31_C_W2_S1,V,N,2025M1,2021,13689.6
A,ITG,D21X31_C_W2_S1,V,N,2025M1,2022,14367.2
A,ITG,D21X31_C_W2_S1,V,N,2025M1,2023,15375.4
A,ITG1,B1G_B_W2_S1,V,N,2025M1,2021,82320.3
A,ITG1,B1G_B_W2_S1,V,N,2025M1,2022,91979.8
A,ITG1,B1G_B_W2_S1,V,N,2025M1,2023,98877.2
A,ITG1,B1GQ_B_W2_S1,V,N,2025M1,2021,92163.8
A,ITG1,B1GQ_B_W2_S1,V,N,2025M1,2022,102368.2
A,ITG1,B1GQ_B_W2_S1,V,N,2025M1,2023,110008.8
A,ITG1,D21X31_C_W2_S1,V,N,2025M1,2021,9843.5
A,ITG1,D21X31_C_W2_S1,V,N,2025M1,2022,10388.4
A,ITG1,D21X31_C_W2_S1,V,N,2025M1,2023,11131.6
A,ITG11,B1G_B_W2_S1,V,N,2025M1,2021,6451.0
A,ITG11,B1G_B_W2_S1,V,N,2025M1,2022,7006.0
A,ITG11,B1GQ_B_W2_S1,V,N,2025M1,2021,7222.0
A,ITG11,B1GQ_B_W2_S1,V,N,2025M1,2022,7797.0
A,ITG11,D21X31_C_W2_S1,V,N,2025M1,2021,771.0
A,ITG11,D21X31_C_W2_S1,V,N,2025M1,2022,791.0
A,ITG12,B1G_B_W2_S1,V,N,2025M1,2021,21711.0
A,ITG12,B1G_B_W2_S1,V,N,2025M1,2022,23709.0
A,ITG12,B1GQ_B_W2_S1,V,N,2025M1,2021,24307.0
A,ITG12,B1GQ_B_W2_S1,V,N,2025M1,2022,26387.0
A,ITG12,D21X31_C_W2_S1,V,N,2025M1,2021,2596.0
A,ITG12,D21X31_C_W2_S1,V,N,2025M1,2022,2678.0
A,ITG13,B1G_B_W2_S1,V,N,2025M1,2021,10309.0
A,ITG13,B1G_B_W2_S1,V,N,2025M1,2022,11294.0
A,ITG13,B1GQ_B_W2_S1,V,N,2025M1,2021,11542.0
A,ITG13,B1GQ_B_W2_S1,V,N,2025M1,2022,12569.0
A,ITG13,D21X31_C_W2_S1,V,N,2025M1,2021,1233.0
A,ITG13,D21X31_C_W2_S1,V,N,2025M1,2022,1276.0
A,ITG14,B1G_B_W2_S1,V,N,2025M1,2021,6179.0
A,ITG14,B1G_B_W2_S1,V,N,2025M1,2022,6689.0
A,ITG14,B1GQ_B_W2_S1,V,N,2025M1,2021,6918.0
A,ITG14,B1GQ_B_W2_S1,V,N,2025M1,2022,7445.0
A,ITG14,D21X31_C_W2_S1,V,N,2025M1,2021,739.0
A,ITG14,D21X31_C_W2_S1,V,N,2025M1,2022,755.0
A,ITG15,B1G_B_W2_S1,V,N,2025M1,2021,3957.0
A,ITG15,B1G_B_W2_S1,V,N,2025M1,2022,4234.0
A,ITG15,B1GQ_B_W2_S1,V,N,2025M1,2021,4430.0
A,ITG15,B1GQ_B_W2_S1,V,N,2025M1,2022,4712.0
A,ITG15,D21X31_C_W2_S1,V,N,2025M1,2021,473.0
A,ITG15,D21X31_C_W2_S1,V,N,2025M1,2022,478.0
A,ITG16,B1G_B_W2_S1,V,N,2025M1,2021,2319.0
A,ITG16,B1G_B_W2_S1,V,N,2025M1,2022,2551.0
A,ITG16,B1GQ_B_W2_S1,V,N,2025M1,2021,2596.0
A,ITG16,B1GQ_B_W2_S1,V,N,2025M1,2022,2839.0
A,ITG16,D21X31_C_W2_S1,V,N,2025M1,2021,277.0
A,ITG16,D21X31_C_W2_S1,V,N,2025M1,2022,288.0
A,ITG17,B1G_B_W2_S1,V,N,2025M1,2021,18801.0
A,ITG17,B1G_B_W2_S1,V,N,2025M1,2022,20476.0
A,ITG17,B1GQ_B_W2_S1,V,N,2025M1,2021,21049.0
A,ITG17,B1GQ_B_W2_S1,V,N,2025M1,2022,22789.0
A,ITG17,D21X31_C_W2_S1,V,N,2025M1,2021,2248.0
A,ITG17,D21X31_C_W2_S1,V,N,2025M1,2022,2313.0
A,ITG18,B1G_B_W2_S1,V,N,2025M1,2021,5372.0
A,ITG18,B1G_B_W2_S1,V,N,2025M1,2022,5878.0
A,ITG18,B1GQ_B_W2_S1,V,N,2025M1,2021,6014.0
A,ITG18,B1GQ_B_W2_S1,V,N,2025M1,2022,6542.0
A,ITG18,D21X31_C_W2_S1,V,N,2025M1,2021,642.0
A,ITG18,D21X31_C_W2_S1,V,N,2025M1,2022,664.0
A,ITG19,B1G_B_W2_S1,V,N,2025M1,2021,7223.0
A,ITG19,B1G_B_W2_S1,V,N,2025M1,2022,10143.0
A,ITG19,B1GQ_B_W2_S1,V,N,2025M1,2021,8086.0
A,ITG19,B1GQ_B_W2_S1,V,N,2025M1,2022,11289.0
A,ITG19,D21X31_C_W2_S1,V,N,2025M1,2021,864.0
A,ITG19,D21X31_C_W2_S1,V,N,2025M1,2022,1146.0
A,ITG2,B1G_B_W2_S1,V,N,2025M1,2021,31840.4
A,ITG2,B1G_B_W2_S1,V,N,2025M1,2022,34851.3
A,ITG2,B1G_B_W2_S1,V,N,2025M1,2023,37185.1
A,ITG2,B1GQ_B_W2_S1,V,N,2025M1,2021,35686.5
A,ITG2,B1GQ_B_W2_S1,V,N,2025M1,2022,38830.1
A,ITG2,B1GQ_B_W2_S1,V,N,2025M1,2023,41428.9
A,ITG2,D21X31_C_W2_S1,V,N,2025M1,2021,3846.1
A,ITG2,D21X31_C_W2_S1,V,N,2025M1,2022,3978.8
A,ITG2,D21X31_C_W2_S1,V,N,2025M1,2023,4243.8
A,ITG25,B1G_B_W2_S1,V,N,2025M1,2021,9712.0
A,ITG25,B1G_B_W2_S1,V,N,2025M1,2022,10599.0
A,ITG25,B1GQ_B_W2_S1,V,N,2025M1,2021,10885.0
A,ITG25,B1GQ_B_W2_S1,V,N,2025M1,2022,11809.0
A,ITG25,D21X31_C_W2_S1,V,N,2025M1,2021,1173.0
A,ITG25,D21X31_C_W2_S1,V,N,2025M1,2022,1210.0
A,ITG26,B1G_B_W2_S1,V,N,2025M1,2021,3694.0
A,ITG26,B1G_B_W2_S1,V,N,2025M1,2022,3971.0
A,ITG26,B1GQ_B_W2_S1,V,N,2025M1,2021,4140.0
A,ITG26,B1GQ_B_W2_S1,V,N,2025M1,2022,4424.0
A,ITG26,D21X31_C_W2_S1,V,N,2025M1,2021,446.0
A,ITG26,D21X31_C_W2_S1,V,N,2025M1,2022,453.0
A,ITG27,B1G_B_W2_S1,V,N,2025M1,2021,10851.0
A,ITG27,B1G_B_W2_S1,V,N,2025M1,2022,12162.0
A,ITG27,B1GQ_B_W2_S1,V,N,2025M1,2021,12162.0
A,ITG27,B1GQ_B_W2_S1,V,N,2025M1,2022,13550.0
A,ITG27,D21X31_C_W2_S1,V,N,2025M1,2021,1311.0
A,ITG27,D21X31_C_W2_S1,V,N,2025M1,2022,1388.0
A,ITG28,B1G_B_W2_S1,V,N,2025M1,2021,2523.0
A,ITG28,B1G_B_W2_S1,V,N,2025M1,2022,2741.0
A,ITG28,B1GQ_B_W2_S1,V,N,2025M1,2021,2828.0
A,ITG28,B1GQ_B_W2_S1,V,N,2025M1,2022,3054.0
A,ITG28,D21X31_C_W2_S1,V,N,2025M1,2021,305.0
A,ITG28,D21X31_C_W2_S1,V,N,2025M1,2022,313.0
A,ITZ,B1G_B_W2_S1,V,N,2025M1,2021,1597.0
A,ITZ,B1G_B_W2_S1,V,N,2025M1,2022,781.8
A,ITZ,B1G_B_W2_S1,V,N,2025M1,2023,793.0
A,ITZ,B1GQ_B_W2_S1,V,N,2025M1,2021,1597.0
A,ITZ,B1GQ_B_W2_S1,V,N,2025M1,2022,781.8
A,ITZ,B1GQ_B_W2_S1,V,N,2025M1,2023,793.0
A,ITZ,D21X31_C_W2_S1,V,N,2025M1,2021,0.0
A,ITZ,D21X31_C_W2_S1,V,N,2025M1,2022,0.0
A,ITZ,D21X31_C_W2_S1,V,N,2025M1,2023,0.0
